-- phpMyAdmin SQL Dump
-- version 5.1.0
-- https://www.phpmyadmin.net/
--
-- Host: 127.0.0.1
-- Waktu pembuatan: 06 Apr 2023 pada 04.04
-- Versi server: 10.4.18-MariaDB
-- Versi PHP: 7.3.27

SET SQL_MODE = "NO_AUTO_VALUE_ON_ZERO";
START TRANSACTION;
SET time_zone = "+00:00";


/*!40101 SET @OLD_CHARACTER_SET_CLIENT=@@CHARACTER_SET_CLIENT */;
/*!40101 SET @OLD_CHARACTER_SET_RESULTS=@@CHARACTER_SET_RESULTS */;
/*!40101 SET @OLD_COLLATION_CONNECTION=@@COLLATION_CONNECTION */;
/*!40101 SET NAMES utf8mb4 */;

--
-- Database: `db_kasir_ci4`
--

-- --------------------------------------------------------

--
-- Struktur dari tabel `tbl_jual`
--

CREATE TABLE `tbl_jual` (
  `id_jual` int(11) NOT NULL,
  `no_faktur` varchar(15) DEFAULT NULL,
  `tgl_jual` date DEFAULT NULL,
  `jam` time DEFAULT NULL,
  `grand_total` int(11) DEFAULT NULL,
  `bayar` int(11) DEFAULT NULL,
  `kembalian` int(11) DEFAULT NULL,
  `id_kasir` int(2) DEFAULT NULL
) ENGINE=InnoDB DEFAULT CHARSET=utf8mb4;

-- --------------------------------------------------------

--
-- Struktur dari tabel `tbl_kategori`
--

CREATE TABLE `tbl_kategori` (
  `id_kategori` int(2) NOT NULL,
  `nama_kategori` varchar(25) DEFAULT NULL
) ENGINE=InnoDB DEFAULT CHARSET=utf8mb4;

--
-- Dumping data untuk tabel `tbl_kategori`
--

INSERT INTO `tbl_kategori` (`id_kategori`, `nama_kategori`) VALUES
(1, 'Makanan'),
(2, 'Minuman'),
(3, 'Bumbu masakan'),
(4, 'elektronik'),
(5, 'alat tulis kantor'),
(6, 'Accesoris');

-- --------------------------------------------------------

--
-- Struktur dari tabel `tbl_produk`
--

CREATE TABLE `tbl_produk` (
  `id_produk` int(11) NOT NULL,
  `kode_produk` varchar(25) DEFAULT NULL,
  `nama_produk` varchar(150) DEFAULT NULL,
  `id_kategori` int(2) DEFAULT NULL,
  `id_satuan` int(2) DEFAULT NULL,
  `harga_beli` int(11) DEFAULT NULL,
  `harga_jual` int(11) DEFAULT NULL,
  `stok` int(11) DEFAULT NULL
) ENGINE=InnoDB DEFAULT CHARSET=utf8mb4;

--
-- Dumping data untuk tabel `tbl_produk`
--

INSERT INTO `tbl_produk` (`id_produk`, `kode_produk`, `nama_produk`, `id_kategori`, `id_satuan`, `harga_beli`, `harga_jual`, `stok`) VALUES
(1, '11111', 'Yakult', 2, 1, 8000, 12000, 100),
(2, '22222', 'Yougurt cimory 250ml', 2, 1, 10000, 13000, 100),
(3, '33333', 'Sari Roti', 1, 1, 5000, 7000, 100),
(4, '44444', 'Lays', 1, 7, 30000, 30000, 100),
(6, '12345', 'hydro koko', 2, 1, 40000, 46000, 51);

-- --------------------------------------------------------

--
-- Struktur dari tabel `tbl_rinci_jual`
--

CREATE TABLE `tbl_rinci_jual` (
  `id_rinci` int(11) NOT NULL,
  `no_faktur` varchar(15) DEFAULT NULL,
  `kode_produk` varchar(25) DEFAULT NULL,
  `harga_jual` int(11) DEFAULT NULL,
  `qty` int(11) DEFAULT NULL,
  `total_harga` int(11) DEFAULT NULL
) ENGINE=InnoDB DEFAULT CHARSET=utf8mb4;

-- --------------------------------------------------------

--
-- Struktur dari tabel `tbl_satuan`
--

CREATE TABLE `tbl_satuan` (
  `id_satuan` int(2) NOT NULL,
  `nama_satuan` varchar(25) DEFAULT NULL
) ENGINE=InnoDB DEFAULT CHARSET=utf8mb4;

--
-- Dumping data untuk tabel `tbl_satuan`
--

INSERT INTO `tbl_satuan` (`id_satuan`, `nama_satuan`) VALUES
(1, 'PCS'),
(2, 'BOX'),
(3, 'LUSIN'),
(4, 'BUAH'),
(5, 'KG'),
(6, 'UNIT'),
(7, 'BUNGKUS'),
(8, 'karung'),
(11, 'liter');

-- --------------------------------------------------------

--
-- Struktur dari tabel `tbl_user`
--

CREATE TABLE `tbl_user` (
  `id_user` int(2) NOT NULL,
  `nama_user` varchar(25) NOT NULL,
  `email` varchar(50) NOT NULL,
  `password` varchar(200) NOT NULL,
  `level` int(1) NOT NULL
) ENGINE=InnoDB DEFAULT CHARSET=utf8mb4;

--
-- Dumping data untuk tabel `tbl_user`
--

INSERT INTO `tbl_user` (`id_user`, `nama_user`, `email`, `password`, `level`) VALUES
(1, 'Desta steh', 'admin@gmail.com', '7110eda4d09e062aa5e4a390b0a572ac0d2c0220', 1),
(7, 'suntoro', 'suntoro@gmail.com', '7c222fb2927d828af22f592134e8932480637c0d', 2),
(8, 'ariya', 'ariya@gmail.com', '011c945f30ce2cbafc452f39840f025693339c42', 2);

--
-- Indexes for dumped tables
--

--
-- Indeks untuk tabel `tbl_jual`
--
ALTER TABLE `tbl_jual`
  ADD PRIMARY KEY (`id_jual`);

--
-- Indeks untuk tabel `tbl_kategori`
--
ALTER TABLE `tbl_kategori`
  ADD PRIMARY KEY (`id_kategori`);

--
-- Indeks untuk tabel `tbl_produk`
--
ALTER TABLE `tbl_produk`
  ADD PRIMARY KEY (`id_produk`);

--
-- Indeks untuk tabel `tbl_rinci_jual`
--
ALTER TABLE `tbl_rinci_jual`
  ADD PRIMARY KEY (`id_rinci`);

--
-- Indeks untuk tabel `tbl_satuan`
--
ALTER TABLE `tbl_satuan`
  ADD PRIMARY KEY (`id_satuan`);

--
-- Indeks untuk tabel `tbl_user`
--
ALTER TABLE `tbl_user`
  ADD PRIMARY KEY (`id_user`);

--
-- AUTO_INCREMENT untuk tabel yang dibuang
--

--
-- AUTO_INCREMENT untuk tabel `tbl_jual`
--
ALTER TABLE `tbl_jual`
  MODIFY `id_jual` int(11) NOT NULL AUTO_INCREMENT, AUTO_INCREMENT=6;

--
-- AUTO_INCREMENT untuk tabel `tbl_kategori`
--
ALTER TABLE `tbl_kategori`
  MODIFY `id_kategori` int(2) NOT NULL AUTO_INCREMENT, AUTO_INCREMENT=9;

--
-- AUTO_INCREMENT untuk tabel `tbl_produk`
--
ALTER TABLE `tbl_produk`
  MODIFY `id_produk` int(11) NOT NULL AUTO_INCREMENT, AUTO_INCREMENT=7;

--
-- AUTO_INCREMENT untuk tabel `tbl_rinci_jual`
--
ALTER TABLE `tbl_rinci_jual`
  MODIFY `id_rinci` int(11) NOT NULL AUTO_INCREMENT;

--
-- AUTO_INCREMENT untuk tabel `tbl_satuan`
--
ALTER TABLE `tbl_satuan`
  MODIFY `id_satuan` int(2) NOT NULL AUTO_INCREMENT, AUTO_INCREMENT=12;

--
-- AUTO_INCREMENT untuk tabel `tbl_user`
--
ALTER TABLE `tbl_user`
  MODIFY `id_user` int(2) NOT NULL AUTO_INCREMENT, AUTO_INCREMENT=9;
COMMIT;

/*!40101 SET CHARACTER_SET_CLIENT=@OLD_CHARACTER_SET_CLIENT */;
/*!40101 SET CHARACTER_SET_RESULTS=@OLD_CHARACTER_SET_RESULTS */;
/*!40101 SET COLLATION_CONNECTION=@OLD_COLLATION_CONNECTION */;
